Name,Addreas,Phone Number,Website
Roots Care,371 Beach Rd #B1-68 City Gate Singapore 199597,+6596454566,rootscare.com.sg
dbom hair,17 Petir Rd B1-03 Singapore 678278,+6587274239,dbomhair.com
Chez Vous: HideAway Hair Salon,391B Orchard Road Ngee Ann City Tower B #14-04 238874,+6562193558,chezvoushair.com
Hair by Billie,252 North Bridge Rd B2 - 01 Singapore 179103,+6563334811,facebook.com
Hair By Mink Pte Ltd,2 Balestier Rd #01-655 Singapore 320002,+6585225552,facebook.com
The Hair Lounge,277A Holland Ave Singapore 278994,+6566107394,thehairlounge.sg
Best Singapore Salon Yann Beyrie,435 Orchard Rd #03-01D Singapore 238877,+6562352476,yannbeyrie.com
Next Salon Holland Village,271A Holland Ave Singapore 278991,+6564673323,nextsalon.sg
Hera Hair Beauty,31 Ocean Way #01 - 20 098375,+6562688949,herabeauty.sg
NEW HAIR DESIGN,321 Clementi Ave 3 #02-03 Singapore 129905,+6569709152,newhairdesign.com.sg
De-Hair Profile Orchard,277 Orchard Rd #B1-08 ORCHARD GATEWAY 238858,+6587784123,de-hairprofile.com
Hair & Co.,Sunset Way Clementi Street 11 #01-23 120109,+6596856093,hairandco.sg
Super Blades Hair & Beauty,Jurong West Street 93 #01-207 Block 965 Singapore 640965,+6567913512,superbladessg.com
Roots Care,371 Beach Rd #B1-68 City Gate Singapore 199597,+6596454566,rootscare.com.sg
Hair Eclipse,39A Kampong Bahru Rd Singapore 169357,+6588202955,haireclipsesalon.com
Room Hair Salon,49A Amoy St Singapore 069875,+6588144360,room-salon.com.sg
Be U Hair Design,176 Orchard Rd #01-33J The Centrepoint Singapore 238843,+6569093250,beuhairdesign.com
Hair Loft,2 Kovan Rd #01-06 Simon Plaza Singapore 548008,+6563830106,hairloft.com.sg
Kerluxe Hair Studio Blk 440 Bukit Batok West Ave 8,Blk Blk 440 Bukit Batok West Ave. 8 #01-06 650440,+6590696239,kerluxehair.com
HairPerms Hair Salon,1 Park Rd #03-02 Peoples Park Complex Singapore 059108,+6565342978,setmore.com
Salon Vim,435 Orchard Rd #02-01B Singapore 238877,+6567346404,salonvim.sg
No. 8 Hair Studio,2 Venture Dr #01-29 Vision Exchange Singapore 608526,+6562508606,no8hairstudio.com
Picasso Hair Studio,662 North Bridge Rd Singapore 188798,+6562910691,picassohairstudio.com.sg
Cosmo Hair & Beauty,1 Kim Seng Promenade #03 - 120 Singapore 237994,+6567326987,cosmohairbeauty.com
Black Hair Salon,13 Stamford Rd #B2-44 Capitol Singapore Singapore 178905,+6568359976,blackhairsalon.com.sg
Colour Haven Hair Studio,321 ALEXANDRA ROAD ALEXANDRA CENTRAL #02-14 159971,+6562652279,colourhavenhairstudio.com
12 hair salon,531 Upper Cross Street Hong Lim Complex #02-64 050531,+6582183932,12hairsalon.com
Hair Radiant,9 King Albert Park #02-28 Singapore 598332,+6596718797,radiant.salon
Chez Vous Hair Salon,391 Orchard Rd Suite #05-05 Ngee Ann City Podium Singapore 238872,+6567329388,chezvoushair.com
Xtreme Professional Hair Studio - Hillion Mall,17 Petir Rd #02-09/10 Singapore 678278,+6562659336,xtremeprofessionals.com
De Arte Hair Studio  Paya Lebar,60 Paya Lebar Rd #01-22 Paya Lebar Square Singapore 409051,+6566357250,deartehair.com
Twist Hair - Tanjong Pagar Hair Salon,272A South Bridge Rd Singapore 058821,+6569096253,twisthairsalon.sg
De Arte Hair Studio  Jurong,1 Jurong West Central 2 #03-22/23 Jurong Point Singapore 648886,+6567219879,deartehair.com
Miin Hair & Beauty,350 Orchard Rd Isetan Scotts Floor 1 Unit 04 Singapore 238868,+6562327891,miin.com.sg
Kimistry Hair Boutique,176 Orchard Rd #02-35 The Centerpoint Singapore 238843,+6588797358,kimistry.hair
Greem Hair Salon,Blk 410 Ang Mo Kio Ave 10 #01-827 Singapore 560410,+6564550116,greemhairsalon.com
Hairloom - Hair Salon Singapore,No. 6 Raffles Blvd #01-230 Marina Square Singapore 039594,+6562952088,hairloom.sg
Hair Actually Pte Ltd,1 Coleman St #B1-35 The Adelphi Singapore 179803,+6596226765,hairactually.com.sg
Pro Trim Hair Salon  Takashimaya,391 Orchard Rd #05 - 27A / 28 Singapore 238873,+6562355516,protrimhair.com
Apgujeong Hair Studio  JEM (Jurong East),50 Jurong Gateway Rd #04 - 05 / 06 Singapore 608549,+6566940978,apgujeonghair.com
Urban Hair by Ginrich,1 Scotts Rd #03-01 Shaw Centre Singapore 228208,+6567377813,urbanhair.com.sg
Number76 Hair Salon - Singapore,#02-21 22 & 23 Orchard Gateway 277 Orchard Rd 238858,+6563856776,sgp.number76.com
Maax Hair Salon,9 Scotts Rd #02-01 Pacific Plaza Singapore 228210,+6565381103,maaxhairsalonmaps.wixsite.com
Emerald Hair Studio (Seletar),455 Sengkang West Ave #01-06 Singapore 790455,+6588995263,emeraldhairstudio.sg
Action Hair Salon,#05-08  PARAGON 290 Orchard Rd 238859,+6590581862,actiongroupsg.com
Xquisite Hair Studio,420 North Bridge Rd #01-04 Singapore 188727,+6562616861,xquisitehair.sg
Dcut Hair Studio,8 Grange Road #03-02 Cathay Cineleisure Orchard 239695,+6562356992,dcut-hair.studio
The Mockingjay Hair Salon - Organic Hair Salon,10 Eunos Road #02-129 SingPost Centre The Mockingjay Hair Salon 408600,+6567475158,mockingjayhairsalon.com
dbom hair,17 Petir Rd B1-03 Singapore 678278,+6587274239,dbomhair.com
Attractive Hair Art,14 Scotts Rd #03-18 Singapore 228213,+6569709296,business.site
White Salon,235A Victoria St Level 2 Bugis Village Singapore 188027,+6562619788,whitesalonsg.business.site
Hair Professor,1 Goldhill Plaza #01-03 Singapore 308899,+6562503389,hairprofessor.com.sg
Zulu Style Hair & Wellness Centre,44 Race Course Rd Singapore 218558,+6563415297,zulustyle.sg
Pro Trim Hair Salon  JEM,50 #04-55 Jurong Gateway Rd Jem Singapore 608549,+6567347883,protrimhair.com
J Hair Salon,68 Orchard Rd #04-61 Singapore 238839,+6562388083,jhair.sg
Matsui Hair Studio,201 Victoria St #03-15 Bugis Plus Singapore 188067,+6562872827,matsuihair.sg
KATAOMO Hair Studio,507 Yishun Avenue 4 #01-04 Angsana Breeze  Yishun 760507,+6568521418,facebook.com
Shunji Matsuo Hair Studio,391 Orchard Road 03-13A Takashimaya Shopping Centre Ngee Ann City 238872,+6562381522,shunjimatsuo.com.sg
Kimage Hair Salon (Tiong Bahru),302 Tiong Bahru Rd #03-109 Singapore 168732,+6562712700,kimage.com.sg
Kolorist Hair Coloring & Hair Extension Specialised Salon,181 Orchard Rd #03 - 06 Kolorist 238896,+6582184070,kolorist.sg
Kimage Hair Salon (Northpoint City),930 Yishun Avenue 2 #03-25 Northpoint City North Wing 769098,+6567522700,kimage.com.sg
Love Hair SG,10A Jiak Chuan Rd Singapore 089264,+6569707670,lovehairsg.com
BY-STYLE HAIR SALON,Blk 115 Canberra Walk 750115,+6569004068,business.site
Myeongdong Hair Studio CCK Lot One,21 Choa Chu Kang Ave 4 #02-20 Singapore 689812,+6567694776,myeongdonghair.com
OnHair Salon Chinatown,BLK 531 UPPER CROSS STREET #02-68 HONG LIM COMPLEX 050531,+6562230335,onhair.sg
Organic Hair Regrowth Solutions,1 Vista Exchange Green #B1-22 Singapore 138617,+6566945732,organichairregrowthsolutions.com
Hairbitue Hair and Beauty Salon,371 Beach Rd B1-23 City Gate Singapore 199597,+6569941635,hairbitue.com
My Hair Studio,Block 85A Lorong 4 Toa Payoh #01-304 310085,+6561004247,facebook.com
Billionhair Cove Hair Salon,11 Sin Ming Road Thomson V Two #01-31 575629,+6582002756,instagram.com
Linda Amy Hair & Beauty Salon,170 Upper Bukit Timah Rd #05-09 Singapore 588179,+6564680472,service.nestia.com
