Name,Addreas
Heritage Park Apartments,1818 Metzerott Rd Adelphi MD 20783
MetroPlace at Town Center,4300 Telfair Blvd Camp Springs MD 20746
Lake Arbor Towers,11411 Lake Arbor Way Mitchellville MD 20721
Residences at Silver Hill,3501 Terrace Dr Suitland MD 20746
Park Tanglewood,5309 Riverdale Rd Riverdale MD 20737
Allure Apollo,4401 Telfair Blvd Camp Springs MD 20746O
ak Ridge Apartments,5510 Madison St Riverdale MD 20737
Arrive Silver Spring,8750 Georgia Ave Silver Spring MD 20910
The Ivy Club,1127 Ivy Club Ln Landover MD 20785
Aspire Apollo,4451 Telfair Blvd Camp Springs MD 20746
The Belhaven Apartments,6375 Richmond Hwy Alexandria VA 22306
Brinkley House Apartments,51 Brinkley Rd Temple Hills MD 20748
Verde at Greenbelt Station,8010 Greenbelt Station Pkwy Greenbelt MD 20770
Lerner Surrey Square,6024 Surrey Square Ln Forestville MD 20747
Woods at Addison,6500 Ronald Rd Capitol Heights MD 20743
Woodmore Apartments,9560 Ruby Lockhart Blvd Bowie MD 20721
Alvista Bowie,3631 Elder Oaks Blvd Bowie MD 20716
North Hills Apartments,6507 Hil Mar Dr Forestville MD 20747
Courts of Camp Springs,5327 Carswell Ave Camp Springs MD 20746
